,age,gender,tb,db,alkphos,sgpt,sgot,tp,alb,a/g,selector_field
count,583.000000,583.000000,583.000000,583.000000,583.000000,583.000000,583.000000,583.000000,583.000000,583.000000,583.000000
mean,44.746141,0.756432,3.298799,1.486106,290.576329,80.713551,109.910806,6.483190,3.141852,0.947064,1.286449
std,16.189833,0.429603,6.209522,2.808498,242.937989,182.620356,288.918529,1.085451,0.795519,0.318492,0.452490
min,4.000000,0.000000,0.400000,0.100000,63.000000,10.000000,10.000000,2.700000,0.900000,0.300000,1.000000
25%,33.000000,1.000000,0.800000,0.200000,175.500000,23.000000,25.000000,5.800000,2.600000,0.700000,1.000000
50%,45.000000,1.000000,1.000000,0.300000,208.000000,35.000000,42.000000,6.600000,3.100000,0.947064,1.000000
75%,58.000000,1.000000,2.600000,1.300000,298.000000,60.500000,87.000000,7.200000,3.800000,1.100000,2.000000
max,90.000000,1.000000,75.000000,19.700000,2110.000000,2000.000000,4929.000000,9.600000,5.500000,2.800000,2.000000